{
  "n_sublayers": 61,
  "trim": 2,
  "unit_a": 2300,
  "unit_b": 2839,
  "corr_arith": 0.9026097059249878,
  "corr_ctrl": -0.9864271879196167,
  "aniso_arith": 0.9191895690298595,
  "aniso_ctrl": 0.9890423174166585,
  "angle_arith": 58.02766418457031,
  "angle_ctrl": 148.13438415527344,
  "angle_diff": 89.89328002929688,
  "profiles": {
    "arithmetic": {
      "2300": [
        -0.009214592166244984,
        -0.005250708200037479,
        -0.021407730877399445,
        -0.0174920242279768,
        -0.035493213683366776,
        -0.031485628336668015,
        -0.027351927012205124,
        -0.007444441318511963,
        -0.027578862383961678,
        -0.026914261281490326,
        -0.02368488349020481,
        -0.010025071911513805,
        -0.005074882414191961,
        0.007753546815365553,
        -0.0057191806845366955,
        -0.021240612491965294,
        -0.03136518970131874,
        1.0116895282408223e-05,
        -0.02318580076098442,
        0.002006880473345518,
        0.0032132465858012438,
        -0.002090024994686246,
        -0.024946149438619614,
        -0.03871539607644081,
        -0.06170082092285156,
        -0.03978443145751953,
        -0.03747572749853134,
        0.0018739700317382812,
        0.060990460216999054,
        0.13303855061531067,
        0.19601765275001526,
        0.20312722027301788,
        0.2361305207014084,
        0.2515307068824768,
        0.3009348511695862,
        0.3382507264614105,
        0.326349139213562,
        0.34140700101852417,
        0.3559328615665436,
        0.3449570834636688,
        0.3088088929653168,
        0.2904593050479889,
        0.2953108251094818,
        0.3452232778072357,
        0.35386574268341064,
        0.37312838435173035,
        0.45232364535331726,
        0.43973109126091003,
        0.4421614408493042,
        0.49040767550468445,
        0.5298057794570923,
        0.5211718082427979,
        0.5023722052574158,
        0.49824270606040955,
        0.4298858642578125,
        0.4898740351200104,
        0.3445933163166046,
        0.44360479712486267,
        0.5516954064369202,
        0.6189098358154297,
        0.6321583986282349
      ],
      "2839": [
        -0.003940232563763857,
        -0.007452042773365974,
        -0.014914989471435547,
        -0.015367348678410053,
        -0.027028735727071762,
        -0.03462802618741989,
        -0.015263441950082779,
        -0.008984183892607689,
        -0.0022893091663718224,
        0.00013858477177564055,
        -0.010727235116064548,
        -0.019888702780008316,
        -0.014476108364760876,
        -0.03132309764623642,
        -0.08562971651554108,
        -0.056905172765254974,
        -0.03451051563024521,
        -0.05139751359820366,
        -0.053448423743247986,
        -0.04179859161376953,
        -0.04987343028187752,
        -0.04768934100866318,
        -0.051389455795288086,
        -0.06772874295711517,
        -0.04966621473431587,
        -0.043969281017780304,
        -4.653930591302924e-05,
        -0.0003157297906000167,
        0.08937085419893265,
        0.09126435965299606,
        0.05715014040470123,
        0.0668034553527832,
        0.09781430661678314,
        0.09343894571065903,
        0.1428038328886032,
        0.09421758353710175,
        0.15720100700855255,
        0.20160332322120667,
        0.23692277073860168,
        0.2665656805038452,
        0.2697513699531555,
        0.28498655557632446,
        0.3755214810371399,
        0.3490571975708008,
        0.4427391588687897,
        0.45766681432724,
        0.46953290700912476,
        0.5055914521217346,
        0.5927813053131104,
        0.6017844676971436,
        0.590165913105011,
        0.6390658020973206,
        0.7707659602165222,
        0.7679803371429443,
        0.8011075258255005,
        0.81742924451828,
        0.9497060179710388,
        0.9166399836540222,
        0.7837432622909546,
        0.9728725552558899,
        1.1914830207824707
      ]
    },
    "control": {
      "2300": [
        -0.009004926308989525,
        -0.02484414167702198,
        -0.04210773482918739,
        -0.055505864322185516,
        -0.05533606931567192,
        -0.07239432632923126,
        -0.07957935333251953,
        -0.11957184225320816,
        -0.1761121153831482,
        -0.17519709467887878,
        -0.12488562613725662,
        -0.13125425577163696,
        -0.17821568250656128,
        -0.2220083624124527,
        -0.23491519689559937,
        -0.2543436586856842,
        -0.24609756469726562,
        -0.24459673464298248,
        -0.25305530428886414,
        -0.2503407895565033,
        -0.28191736340522766,
        -0.2889854609966278,
        -0.25729113817214966,
        -0.295602411031723,
        -0.3843846619129181,
        -0.38748276233673096,
        -0.363644540309906,
        -0.3747873306274414,
        -0.3732697665691376,
        -0.3657087981700897,
        -0.4181998670101166,
        -0.4192594587802887,
        -0.550744354724884,
        -0.5232382416725159,
        -0.5252229571342468,
        -0.48175543546676636,
        -0.6509455442428589,
        -0.663360595703125,
        -0.710476815700531,
        -0.7165244221687317,
        -0.7194644808769226,
        -0.7081985473632812,
        -0.9091641902923584,
        -0.8807090520858765,
        -0.9978473782539368,
        -0.9750515222549438,
        -1.0114772319793701,
        -1.0052181482315063,
        -1.163544774055481,
        -1.2000409364700317,
        -1.2955200672149658,
        -1.3036280870437622,
        -1.3629627227783203,
        -1.4442479610443115,
        -1.4343678951263428,
        -1.431153416633606,
        -1.631889820098877,
        -1.5740723609924316,
        -1.284067153930664,
        -1.2522271871566772,
        -1.3296290636062622
      ],
      "2839": [
        0.0011570830829441547,
        -0.002074372721835971,
        0.020780054852366447,
        0.016177302226424217,
        0.0502672977745533,
        0.06859569251537323,
        0.09191525727510452,
        0.09398984909057617,
        0.11493434756994247,
        0.11575540155172348,
        0.1424085646867752,
        0.12491919100284576,
        0.14421774446964264,
        0.1267150193452835,
        0.12560875713825226,
        0.14689557254314423,
        0.14704538881778717,
        0.1240418404340744,
        0.15315259993076324,
        0.14478731155395508,
        0.13255009055137634,
        0.1261192262172699,
        0.16385790705680847,
        0.1455792486667633,
        0.16659829020500183,
        0.17074967920780182,
        0.17297306656837463,
        0.16906119883060455,
        0.2896503806114197,
        0.280853271484375,
        0.3483004868030548,
        0.33965301513671875,
        0.32307884097099304,
        0.3224506378173828,
        0.2637103497982025,
        0.244425967335701,
        0.35095536708831787,
        0.3572410047054291,
        0.36660608649253845,
        0.38248366117477417,
        0.4964383542537689,
        0.5168427228927612,
        0.48777180910110474,
        0.450381875038147,
        0.6177793145179749,
        0.595864474773407,
        0.5778158903121948,
        0.6083602905273438,
        0.6831690669059753,
        0.7259877324104309,
        0.7809295654296875,
        0.8036173582077026,
        0.8735626339912415,
        0.8249989748001099,
        0.9084859490394592,
        0.9288838505744934,
        0.9649149775505066,
        0.9548705816268921,
        0.8178039789199829,
        0.8196853399276733,
        0.989764392375946
      ]
    }
  }
}